"Name","DisplayName","Richtung","Quelle","Group"
"WFDPRINT-SPOOL-Out-Active","Wi-Fi Direct-Spoolerverwendung (ausgehend)","Outbound","Local","@FirewallAPI.dll,-36851"
"NETDIS-SSDPSrv-Out-UDP-Active","Netzwerkerkennung (SSDP ausgehend)","Outbound","Local","@FirewallAPI.dll,-32752"
"NETDIS-WSDEVNT-Out-TCP-Active","Netzwerkerkennung (WSD-Ereignisse ausgehend)","Outbound","Local","@FirewallAPI.dll,-32752"
"WFDPRINT-SPOOL-In-Active","Wi-Fi Direct-Spoolerverwendung (eingehend)","Inbound","Local","@FirewallAPI.dll,-36851"
"RemoteAssistance-Out-TCP-Active","Remoteunterstützung (TCP ausgehend)","Outbound","Local","@FirewallAPI.dll,-33002"
"CoreNet-ICMP6-PTB-Out","Kernnetzwerk - Paket zu groß (ICMPv6 ausgehend)","Outbound","Local","@FirewallAPI.dll,-25000"
"CDPSvc-Out-UDP","Plattform für verbundene Geräte (UDP ausgehend)","Outbound","Local","@FirewallAPI.dll,-37402"
"CoreNet-IPv6-In","Kernnetzwerk - IPv6 (IPv6 eingehend)","Inbound","Local","@FirewallAPI.dll,-25000"
"CDPSvc-WFD-Out-TCP","Plattform für verbundene Geräte – Wi-Fi Direct-Transport (TCP ausgehend)","Outbound","Local","@FirewallAPI.dll,-37402"
"MDNS-Out-UDP-Domain-Active","mDNS (UDP ausgehend)","Outbound","Local","@%SystemRoot%\system32\firewallapi.dll,-37302"
"DeliveryOptimization-UDP-In","Übermittlungsoptimierung (UDP eingehend)","Inbound","Local","@%systemroot%\system32\dosvc.dll,-100"
"CoreNet-ICMP6-PP-Out","Kernnetzwerk - Parameterproblem (ICMPv6 ausgehend)","Outbound","Local","@FirewallAPI.dll,-25000"
"CoreNet-ICMP6-RA-In","Kernnetzwerk - Routerankündigung (ICMPv6 eingehend)","Inbound","Local","@FirewallAPI.dll,-25000"
"CoreNet-ICMP4-DUFRAG-In","Kernnetzwerk - Ziel nicht erreichbar, Fragmentierung erforderlich (ICMPv4 eingehend)","Inbound","Local","@FirewallAPI.dll,-25000"
"CoreNet-DHCP-In","Kernnetzwerk - Dynamic Host Configuration-Protokoll (DHCP eingehend)","Inbound","Local","@FirewallAPI.dll,-25000"
"NETDIS-DAS-In-UDP-Active","Netzwerkerkennung (WSD eingehend)","Inbound","Local","@FirewallAPI.dll,-32752"
"CoreNet-DHCPV6-In","Kernnetzwerk - Dynamic Host Configuration-Protokoll für IPv6(DHCPV6 eingehend)","Inbound","Local","@FirewallAPI.dll,-25000"
"NETDIS-SSDPSrv-In-UDP-Teredo","Netzwerkermittlung für Teredo (SSDP-In)","Inbound","Local","@FirewallAPI.dll,-32752"
"CDPSvc-Out-TCP","Plattform für verbundene Geräte (TCP ausgehend)","Outbound","Local","@FirewallAPI.dll,-37402"
"WFDPRINT-SCAN-In-Active","Wi-Fi Direct-Scandienstverwendung (eingehend)","Inbound","Local","@FirewallAPI.dll,-36851"
"NETDIS-FDPHOST-In-UDP-Active","Netzwerkerkennung (WSD eingehend)","Inbound","Local","@FirewallAPI.dll,-32752"
"CoreNet-ICMP6-RS-Out","Kernnetzwerk - Routeranfrage (ICMPv6 ausgehend)","Outbound","Local","@FirewallAPI.dll,-25000"
"RemoteAssistance-SSDPSrv-Out-UDP-Active","Remoteunterstützung (SSDP/UDP ausgehend)","Outbound","Local","@FirewallAPI.dll,-33002"
"RemoteAssistance-SSDPSrv-Out-TCP-Active","Remoteunterstützung (SSDP/TCP ausgehend)","Outbound","Local","@FirewallAPI.dll,-33002"
"NETDIS-WSDEVNT-In-TCP-Active","Netzwerkerkennung (WSD-Ereignisse eingehend)","Inbound","Local","@FirewallAPI.dll,-32752"
"CoreNet-ICMP6-NDS-In","Kernnetzwerk - Nachbarermittlungsanfrage (ICMPv6 eingehend)","Inbound","Local","@FirewallAPI.dll,-25000"
"RemoteAssistance-DCOM-In-TCP-NoScope-Active","Remoteunterstützung (DCOM eingehend)","Inbound","Local","@FirewallAPI.dll,-33002"
"NETDIS-UPnPHost-Out-TCP-Active","Netzwerkerkennung (UPnP ausgehend)","Outbound","Local","@FirewallAPI.dll,-32752"
"NETDIS-WSDEVNTS-In-TCP-Active","Netzwerkerkennung (WSD EventsSecure eingehend)","Inbound","Local","@FirewallAPI.dll,-32752"
"RemoteAssistance-RAServer-In-TCP-NoScope-Active","Remoteunterstützung (RA-Server-TCP eingehend)","Inbound","Local","@FirewallAPI.dll,-33002"
"NETDIS-UPnPHost-In-TCP-Active","Netzwerkerkennung (UPnP eingehend)","Inbound","Local","@FirewallAPI.dll,-32752"
"CoreNet-ICMP6-LR2-Out","Kernnetzwerk - Multicastabhörbericht v2 (ICMPv6 ausgehend)","Outbound","Local","@FirewallAPI.dll,-25000"
"NVS-FrameServer-In-UDP-NoScope","Microsoft Media Foundation-Netzwerkquelle IN [UDP 5004-5009]","Inbound","Local","@FirewallAPI.dll,-54001"
"Microsoft-Windows-Enrollment-WinRT-TCP-Out","Registrierungsdienst für Windows-Geräteverwaltung (TCP ausgehend)","Outbound","Local","@FirewallAPI.dll,-37502"
"MDNS-Out-UDP-Public-Active","mDNS (UDP ausgehend)","Outbound","Local","@%SystemRoot%\system32\firewallapi.dll,-37302"
"DeliveryOptimization-TCP-In","Übermittlungsoptimierung (TCP eingehend)","Inbound","Local","@%systemroot%\system32\dosvc.dll,-100"
"CoreNet-ICMP6-LD-Out","Kernnetzwerk - Multicastabhörvorgang abgeschlossen (ICMPv6 ausgehend)","Outbound","Local","@FirewallAPI.dll,-25000"
"Microsoft-Windows-DeviceManagement-CertificateInstall-TCP-Out","Windows-Geräteverwaltungszertifikat-Installationsprogramm (TCP ausgehend)","Outbound","Local","@FirewallAPI.dll,-37502"
"CoreNet-Teredo-Out","Kernnetzwerk - Teredo (UDP ausgehend)","Outbound","Local","@FirewallAPI.dll,-25000"
"CoreNet-ICMP6-RS-In","Kernnetzwerk - Routeranfrage (ICMPv6 eingehend)","Inbound","Local","@FirewallAPI.dll,-25000"
"WirelessDisplay-Infra-In-TCP","Backchannel der Infrastruktur für drahtlose Anzeigen (TCP eingehend)","Inbound","Local","@wifidisplay.dll,-100"
"NETDIS-FDRESPUB-WSD-In-UDP-Active","Netzwerkerkennung (Pub-WSD eingehend)","Inbound","Local","@FirewallAPI.dll,-32752"
"CoreNet-GP-LSASS-Out-TCP","Kernnetzwerk - Gruppenrichtlinie (LSASS ausgehend)","Outbound","Local","@FirewallAPI.dll,-25000"
"Microsoft-Windows-Troubleshooting-HTTP-HTTPS-Out","Empfohlener Problembehandlungsclient (HTTP/HTTPS Out)","Outbound","Local","@%SystemRoot%\system32\firewallapi.dll,-53500"
"RemoteAssistance-PnrpSvc-UDP-In-EdgeScope-Active","Remoteunterstützung (PNRP eingehend)","Inbound","Local","@FirewallAPI.dll,-33002"
"DIAL-Protocol-Server-In-TCP-NoScope","DIAL-Protokollserver (HTTP-In)","Inbound","Local","@FirewallAPI.dll,-37101"
"NETDIS-FDRESPUB-WSD-Out-UDP-Active","Netzwerkerkennung (Pub-WSD ausgehend)","Outbound","Local","@FirewallAPI.dll,-32752"
"WirelessDisplay-Out-TCP","Drahtlose Anzeige (TCP ausgehend)","Outbound","Local","@wifidisplay.dll,-100"
"WirelessDisplay-Out-UDP","Drahtlose Anzeige (UDP ausgehend)","Outbound","Local","@wifidisplay.dll,-100"
"RemoteAssistance-RAServer-Out-TCP-NoScope-Active","Remoteunterstützung (RA-Server-TCP ausgehend)","Outbound","Local","@FirewallAPI.dll,-33002"
"CoreNet-ICMP6-RA-Out","Kernnetzwerk - Routerankündigung (ICMPv6 ausgehend)","Outbound","Local","@FirewallAPI.dll,-25000"
"CoreNet-ICMP6-NDA-In","Kernnetzwerk - Nachbarermittlungsankündigung (ICMPv6 eingehend)","Inbound","Local","@FirewallAPI.dll,-25000"
"CoreNet-IPHTTPS-Out","Kernnetzwerk - IP-HTTPS (TCP ausgehend)","Outbound","Local","@FirewallAPI.dll,-25000"
"NVS-FrameServer-In-TCP-NoScope","Microsoft Media Foundation-Netzwerkquelle IN [TCP 554]","Inbound","Local","@FirewallAPI.dll,-54001"
"CoreNet-IGMP-Out","Kernnetzwerk - Internetgruppenverwaltungs-Protokoll (IGMP ausgehend)","Outbound","Local","@FirewallAPI.dll,-25000"
"NETDIS-NB_Name-In-UDP-Active","Netzwerkerkennung (NB-Name eingehend)","Inbound","Local","@FirewallAPI.dll,-32752"
"CoreNet-ICMP6-PP-In","Kernnetzwerk - Parameterproblem (ICMPv6 eingehend)","Inbound","Local","@FirewallAPI.dll,-25000"
"CoreNet-DNS-Out-UDP","Kernnetzwerk - DNS (UDP ausgehend)","Outbound","Local","@FirewallAPI.dll,-25000"
"NETDIS-NB_Datagram-Out-UDP-Active","Netzwerkerkennung (NB-Datagramm ausgehend)","Outbound","Local","@FirewallAPI.dll,-32752"
"CoreNet-Teredo-In","Kernnetzwerk - Teredo (UDP eingehend)","Inbound","Local","@FirewallAPI.dll,-25000"
"NVS-FrameServer-Out-TCP-NoScope","Microsoft Media Foundation-Netzwerkquelle OUT [TCP ALL]","Outbound","Local","@FirewallAPI.dll,-54001"
"CoreNet-ICMP6-NDA-Out","Kernnetzwerk - Nachbarermittlungsankündigung (ICMPv6 ausgehend)","Outbound","Local","@FirewallAPI.dll,-25000"
"AllJoyn-Router-Out-UDP","AllJoyn-Router (UDP ausgehend)","Outbound","Local","@FirewallAPI.dll,-37002"
"Microsoft-Windows-DeviceManagement-deviceenroller-TCP-Out","Geräteregistrierung für Windows-Geräteverwaltung (TCP ausgehend)","Outbound","Local","@FirewallAPI.dll,-37502"
"CoreNet-ICMP6-LQ-Out","Kernnetzwerk - Multicastabhörabfrage (ICMPv6 ausgehend)","Outbound","Local","@FirewallAPI.dll,-25000"
"RemoteAssistance-SSDPSrv-In-UDP-Active","Remoteunterstützung (SSDP/UDP eingehend)","Inbound","Local","@FirewallAPI.dll,-33002"
"NETDIS-LLMNR-Out-UDP-Active","Netzwerkerkennung (LLMNR-UDP ausgehend)","Outbound","Local","@FirewallAPI.dll,-32752"
"NETDIS-UPnPHost-In-TCP-Teredo","Netzwerkermittlung für Teredo (UPnP-In)","Inbound","Local","@FirewallAPI.dll,-32752"
"CoreNet-ICMP6-TE-Out","Kernnetzwerk - Zeitüberschreitung (ICMPv6 ausgehend)","Outbound","Local","@FirewallAPI.dll,-25000"
"NETDIS-SSDPSrv-In-UDP-Active","Netzwerkerkennung (SSDP eingehend)","Inbound","Local","@FirewallAPI.dll,-32752"
"CDPSvc-In-UDP","Plattform für verbundene Geräte (UDP eingehend)","Inbound","Local","@FirewallAPI.dll,-37402"
"CDPSvc-In-TCP","Plattform für verbundene Geräte (TCP eingehend)","Inbound","Local","@FirewallAPI.dll,-37402"
"MDNS-In-UDP-Private-Active","mDNS (UDP eingehend)","Inbound","Local","@%SystemRoot%\system32\firewallapi.dll,-37302"
"AllJoyn-Router-Out-TCP","AllJoyn-Router (TCP ausgehend)","Outbound","Local","@FirewallAPI.dll,-37002"
"ProximityUxHost-Sharing-Out-TCP-NoScope","Näherungsfreigabe über TCP (ausgehend von TCP)","Outbound","Local","@FirewallAPI.dll,-36251"
"NETDIS-LLMNR-In-UDP-Active","Netzwerkerkennung (LLMNR-UDP eingehend)","Inbound","Local","@FirewallAPI.dll,-32752"
"CoreNet-ICMP6-LR-Out","Kernnetzwerk - Multicastabhörbericht (ICMPv6 ausgehend)","Outbound","Local","@FirewallAPI.dll,-25000"
"WFDPRINT-DAFWSD-Out-Active","Wi-Fi Direct-Netzwerkerkennung (ausgehend)","Outbound","Local","@FirewallAPI.dll,-36851"
"CoreNet-ICMP6-PTB-In","Kernnetzwerk - Paket zu groß (ICMPv6 eingehend)","Inbound","Local","@FirewallAPI.dll,-25000"
"CoreNet-DHCP-Out","Kernnetzwerk - Dynamic Host Configuration-Protokoll (DHCP ausgehend)","Outbound","Local","@FirewallAPI.dll,-25000"
"CoreNet-IPHTTPS-In","Kernnetzwerk - IP-HTTPS (TCP eingehend)","Inbound","Local","@FirewallAPI.dll,-25000"
"AllJoyn-Router-In-TCP","AllJoyn-Router (TCP eingehend)","Inbound","Local","@FirewallAPI.dll,-37002"
"AllJoyn-Router-In-UDP","AllJoyn-Router (UDP eingehend)","Inbound","Local","@FirewallAPI.dll,-37002"
"RemoteAssistance-PnrpSvc-UDP-OUT-Active","Remoteunterstützung (PNRP ausgehend)","Outbound","Local","@FirewallAPI.dll,-33002"
"CoreNet-ICMP6-LD-In","Kernnetzwerk - Multicastabhörvorgang abgeschlossen (ICMPv6 eingehend)","Inbound","Local","@FirewallAPI.dll,-25000"
"Microsoft-Windows-Unified-Telemetry-Client","Benutzererfahrungen und Telemetrie im verbundenen Modus","Outbound","Local","DiagTrack"
"CoreNet-ICMP6-DU-In","Kernnetzwerk - Ziel nicht erreichbar (ICMPv6 eingehend)","Inbound","Local","@FirewallAPI.dll,-25000"
"WFDPRINT-SCAN-Out-Active","Wi-Fi Direct-Scandienstverwendung (ausgehend)","Outbound","Local","@FirewallAPI.dll,-36851"
"NETDIS-NB_Datagram-In-UDP-Active","Netzwerkerkennung (NB-Datagramm eingehend)","Inbound","Local","@FirewallAPI.dll,-32752"
"CDPSvc-WFD-In-TCP","Plattform für verbundene Geräte – Wi-Fi Direct-Transport (TCP eingehend)","Inbound","Local","@FirewallAPI.dll,-37402"
"MDNS-Out-UDP-Private-Active","mDNS (UDP ausgehend)","Outbound","Local","@%SystemRoot%\system32\firewallapi.dll,-37302"
"CoreNet-ICMP6-NDS-Out","Kernnetzwerk - Nachbarermittlungsanfrage (ICMPv6 ausgehend)","Outbound","Local","@FirewallAPI.dll,-25000"
"WFDPRINT-DAFWSD-In-Active","Wi-Fi Direct-Netzwerkerkennung (eingehend)","Inbound","Local","@FirewallAPI.dll,-36851"
"WirelessDisplay-In-TCP","Drahtlose Anzeige (TCP eingehend)","Inbound","Local","@wifidisplay.dll,-100"
"CoreNet-IPv6-Out","Kernnetzwerk - IPv6 (IPv6 ausgehend)","Outbound","Local","@FirewallAPI.dll,-25000"
"NETDIS-WSDEVNTS-Out-TCP-Active","Netzwerkerkennung (WSD EventsSecure ausgehend)","Outbound","Local","@FirewallAPI.dll,-32752"
"RemoteAssistance-SSDPSrv-In-TCP-Active","Remoteunterstützung (SSDP/TCP eingehend)","Inbound","Local","@FirewallAPI.dll,-33002"
"ProximityUxHost-Sharing-In-TCP-NoScope","Näherungsfreigabe über TCP (eingehend von TCP)","Inbound","Local","@FirewallAPI.dll,-36251"
"CoreNet-IGMP-In","Kernnetzwerk - Internetgruppenverwaltungs-Protokoll (IGMP eingehend)","Inbound","Local","@FirewallAPI.dll,-25000"
"CoreNet-GP-NP-Out-TCP","Kernnetzwerk - Gruppenrichtlinie (NP ausgehend)","Outbound","Local","@FirewallAPI.dll,-25000"
"CoreNet-ICMP6-LR2-In","Kernnetzwerk - Multicastabhörbericht v2 (ICMPv6 eingehend)","Inbound","Local","@FirewallAPI.dll,-25000"
"NETDIS-FDPHOST-Out-UDP-Active","Netzwerkerkennung (WSD ausgehend)","Outbound","Local","@FirewallAPI.dll,-32752"
"CoreNet-ICMP6-LQ-In","Kernnetzwerk - Multicastabhörabfrage (ICMPv6 eingehend)","Inbound","Local","@FirewallAPI.dll,-25000"
"Microsoft-Windows-DeviceManagement-OmaDmClient-TCP-Out","Synchronisierungsclient für Windows-Geräteverwaltung (TCP ausgehend)","Outbound","Local","@FirewallAPI.dll,-37502"
"CoreNet-ICMP6-LR-In","Kernnetzwerk - Multicastabhörbericht (ICMPv6 eingehend)","Inbound","Local","@FirewallAPI.dll,-25000"
"DIAL-Protocol-Server-HTTPSTR-In-TCP-LocalSubnetScope","DIAL-Protokollserver (HTTP-In)","Inbound","Local","@FirewallAPI.dll,-37101"
"CoreNet-DHCPV6-Out","Kernnetzwerk - Dynamic Host Configuration-Protokoll für IPv6(DHCPV6 ausgehend)","Outbound","Local","@FirewallAPI.dll,-25000"
"CoreNet-ICMP6-TE-In","Kernnetzwerk - Zeitüberschreitung (ICMPv6 eingehend)","Inbound","Local","@FirewallAPI.dll,-25000"
"MDNS-In-UDP-Domain-Active","mDNS (UDP eingehend)","Inbound","Local","@%SystemRoot%\system32\firewallapi.dll,-37302"
"RemoteAssistance-In-TCP-EdgeScope-Active","Remoteunterstützung (TCP eingehend)","Inbound","Local","@FirewallAPI.dll,-33002"
"NETDIS-UPnP-Out-TCP-Active","Netzwerkerkennung (UPnPHost ausgehend)","Outbound","Local","@FirewallAPI.dll,-32752"
"NETDIS-NB_Name-Out-UDP-Active","Netzwerkerkennung (NB-Name ausgehend)","Outbound","Local","@FirewallAPI.dll,-32752"
"CoreNet-GP-Out-TCP","Kernnetzwerk - Gruppenrichtlinie (TCP ausgehend)","Outbound","Local","@FirewallAPI.dll,-25000"
"MDNS-In-UDP-Public-Active","mDNS (UDP eingehend)","Inbound","Local","@%SystemRoot%\system32\firewallapi.dll,-37302"
"PlayTo-QWave-Out-TCP-PlayToScope","""Wiedergabe auf Gerät""-Funktionalität (qWave-TCP ausgehend)","Outbound","Local","@FirewallAPI.dll,-36001"
"PlayTo-In-UDP-LocalSubnetScope","""Wiedergabe auf Gerät""-Streamingserver (RTCP-Streaming eingehend)","Inbound","Local","@FirewallAPI.dll,-36001"
"PlayTo-Out-UDP-PlayToScope","""Wiedergabe auf Gerät""-Streamingserver (RTP-Streaming ausgehend)","Outbound","Local","@FirewallAPI.dll,-36001"
"PlayTo-Out-UDP-LocalSubnetScope","""Wiedergabe auf Gerät""-Streamingserver (RTP-Streaming ausgehend)","Outbound","Local","@FirewallAPI.dll,-36001"
"PlayTo-In-UDP-NoScope","""Wiedergabe auf Gerät""-Streamingserver (RTCP-Streaming eingehend)","Inbound","Local","@FirewallAPI.dll,-36001"
"PlayTo-In-RTSP-NoScope","""Wiedergabe auf Gerät""-Streamingserver (RTSP-Streaming eingehend)","Inbound","Local","@FirewallAPI.dll,-36001"
"PlayTo-QWave-In-UDP-PlayToScope","""Wiedergabe auf Gerät""-Funktionalität (qWave-UDP eingehend)","Inbound","Local","@FirewallAPI.dll,-36001"
"CloudIdSvc-Allow-HTTPS-Out-TCP","Cloudidentität (TCP-Out)","Outbound","Local","@%SystemRoot%\system32\firewallapi.dll,-60501"
"PlayTo-QWave-Out-UDP-PlayToScope","""Wiedergabe auf Gerät""-Funktionalität (qWave-UDP ausgehend)","Outbound","Local","@FirewallAPI.dll,-36001"
"PlayTo-HTTPSTR-In-TCP-LocalSubnetScope","""Wiedergabe auf Gerät""-Streamingserver (HTTP-Streaming eingehend)","Inbound","Local","@FirewallAPI.dll,-36001"
"PlayTo-QWave-In-TCP-PlayToScope","""Wiedergabe auf Gerät""-Funktionalität (qWave-TCP eingehend)","Inbound","Local","@FirewallAPI.dll,-36001"
"PlayTo-SSDP-Discovery-PlayToScope","""Wiedergabe auf Gerät""-SSDP-Suche (UDP eingehend)","Inbound","Local","@FirewallAPI.dll,-36001"
"PlayTo-Out-UDP-NoScope","""Wiedergabe auf Gerät""-Streamingserver (RTP-Streaming ausgehend)","Outbound","Local","@FirewallAPI.dll,-36001"
"PlayTo-UPnP-Events-PlayToScope","""Wiedergabe auf Gerät""-UPnP-Ereignisse (TCP eingehend)","Inbound","Local","@FirewallAPI.dll,-36001"
"PlayTo-In-RTSP-LocalSubnetScope","""Wiedergabe auf Gerät""-Streamingserver (RTSP-Streaming eingehend)","Inbound","Local","@FirewallAPI.dll,-36001"
"PlayTo-In-UDP-PlayToScope","""Wiedergabe auf Gerät""-Streamingserver (RTCP-Streaming eingehend)","Inbound","Local","@FirewallAPI.dll,-36001"
"PlayTo-HTTPSTR-In-TCP-NoScope","""Wiedergabe auf Gerät""-Streamingserver (HTTP-Streaming eingehend)","Inbound","Local","@FirewallAPI.dll,-36001"
"PlayTo-HTTPSTR-In-TCP-PlayToScope","""Wiedergabe auf Gerät""-Streamingserver (HTTP-Streaming eingehend)","Inbound","Local","@FirewallAPI.dll,-36001"
"PlayTo-In-RTSP-PlayToScope","""Wiedergabe auf Gerät""-Streamingserver (RTSP-Streaming eingehend)","Inbound","Local","@FirewallAPI.dll,-36001"
"Microsoft-Windows-WLANSvc-ASP-CP-Out","WFD ASP Coordination Protocol (UDP-Out)","Outbound","Local","@wlansvc.dll,-36864"
"WiFiDirect-KM-Driver-In-TCP","Nur WFD-Treiber (TCP eingehend)","Inbound","Local","@wlansvc.dll,-36865"
"WiFiDirect-KM-Driver-In-UDP","Nur WFD-Treiber (UDP eingehend)","Inbound","Local","@wlansvc.dll,-36865"
"WiFiDirect-KM-Driver-Out-TCP","Nur WFD-Treiber (TCP ausgehend)","Outbound","Local","@wlansvc.dll,-36865"
"WiFiDirect-KM-Driver-Out-UDP","Nur WFD-Treiber (UDP ausgehend)","Outbound","Local","@wlansvc.dll,-36865"
"EdgeWebView2-MDNS-In-UDP","Microsoft Edge WebView2 mDNS [UDP]","Inbound","Local","Microsoft Edge WebView2"
"Microsoft-Windows-WLANSvc-ASP-CP-In","WFD ASP Coordination Protocol (UDP-In)","Inbound","Local","@wlansvc.dll,-36864"
"Microsoft.AAD.BrokerPlugin_cw5n1h2txyewyS-1-5-18-Out-Allow-AllCapabilities","Geschäfts- oder Schulkonto","Outbound","Local","@{Microsoft.AAD.BrokerPlugin_1000.19580.1000.2_neutral_neutral_cw5n1h2txyewy?ms-resource://Microsoft.AAD.BrokerPlugin/resources/PackageDisplayName}"
"Microsoft.AAD.BrokerPlugin_cw5n1h2txyewyS-1-5-18-In-Allow-ServerCapability","Geschäfts- oder Schulkonto","Inbound","Local","@{Microsoft.AAD.BrokerPlugin_1000.19580.1000.2_neutral_neutral_cw5n1h2txyewy?ms-resource://Microsoft.AAD.BrokerPlugin/resources/PackageDisplayName}"
"Microsoft.AccountsControl_cw5n1h2txyewyS-1-5-18-Out-Allow-AllCapabilities","E-Mail und Konten","Outbound","Local","@{Microsoft.AccountsControl_10.0.26100.1_neutral__cw5n1h2txyewy?ms-resource://Microsoft.AccountsControl/Resources/DisplayName}"
"Microsoft.LockApp_cw5n1h2txyewyS-1-5-18-Out-Allow-AllCapabilities","Windows-Standardsperrbildschirm","Outbound","Local","@{Microsoft.LockApp_10.0.26100.9278_neutral__cw5n1h2txyewy?ms-resource://Microsoft.LockApp/resources/AppDisplayName}"
"Microsoft.LockApp_cw5n1h2txyewyS-1-5-18-In-Allow-ServerCapability","Windows-Standardsperrbildschirm","Inbound","Local","@{Microsoft.LockApp_10.0.26100.9278_neutral__cw5n1h2txyewy?ms-resource://Microsoft.LockApp/resources/AppDisplayName}"
"Microsoft.Win32WebViewHost_cw5n1h2txyewyS-1-5-18-Out-Allow-AllCapabilities","Desktop-App-Web-Viewer","Outbound","Local","@{Microsoft.Win32WebViewHost_10.0.26100.1_neutral_neutral_cw5n1h2txyewy?ms-resource://Windows.Win32WebViewHost/resources/DisplayName}"
"Microsoft.Win32WebViewHost_cw5n1h2txyewyS-1-5-18-In-Allow-ServerCapability","Desktop-App-Web-Viewer","Inbound","Local","@{Microsoft.Win32WebViewHost_10.0.26100.1_neutral_neutral_cw5n1h2txyewy?ms-resource://Windows.Win32WebViewHost/resources/DisplayName}"
"Microsoft.Windows.Apprep.ChxApp_cw5n1h2txyewyS-1-5-18-Out-Allow-AllCapabilities","Windows Defender SmartScreen","Outbound","Local","@{Microsoft.Windows.Apprep.ChxApp_1000.25128.1000.0_neutral_neutral_cw5n1h2txyewy?ms-resource://Microsoft.Windows.Apprep.ChxApp/resources/DisplayName}"
"Microsoft.Windows.CloudExperienceHost_cw5n1h2txyewyS-1-5-18-Out-Allow-AllCapabilities","Ihr Konto","Outbound","Local","@{Microsoft.Windows.CloudExperienceHost_10.0.26100.1_neutral_neutral_cw5n1h2txyewy?ms-resource://Microsoft.Windows.CloudExperienceHost/resources/appDescription}"
"Microsoft.Windows.CloudExperienceHost_cw5n1h2txyewyS-1-5-18-In-Allow-ServerCapability","Ihr Konto","Inbound","Local","@{Microsoft.Windows.CloudExperienceHost_10.0.26100.1_neutral_neutral_cw5n1h2txyewy?ms-resource://Microsoft.Windows.CloudExperienceHost/resources/appDescription}"
"Microsoft.Windows.ContentDeliveryManager_cw5n1h2txyewyS-1-5-18-Out-Allow-AllCapabilities","Microsoft-Inhalt","Outbound","Local","@{Microsoft.Windows.ContentDeliveryManager_10.0.26100.1_neutral_neutral_cw5n1h2txyewy?ms-resource://Microsoft.Windows.ContentDeliveryManager/resources/AppDisplayName}"
"Microsoft.Windows.OOBENetworkCaptivePortal_cw5n1h2txyewyS-1-5-18-Out-Allow-AllCapabilities","Erfassungsportalablauf","Outbound","Local","@{Microsoft.Windows.OOBENetworkCaptivePortal_10.0.26569.1000_neutral__cw5n1h2txyewy?ms-resource://Microsoft.Windows.OOBENetworkCaptivePortal/Resources/AppDisplayName}"
"Microsoft.Windows.ParentalControls_cw5n1h2txyewyS-1-5-18-Out-Allow-AllCapabilities","Microsoft Family Safety","Outbound","Local","@{Microsoft.Windows.ParentalControls_1000.25128.1000.0_neutral_neutral_cw5n1h2txyewy?ms-resource://Microsoft.Windows.ParentalControls/resources/DisplayName}"
"Microsoft.Windows.PeopleExperienceHost_cw5n1h2txyewyS-1-5-18-Out-Allow-AllCapabilities","Windows Shell-Oberfläche","Outbound","Local","@{Microsoft.Windows.PeopleExperienceHost_10.0.26100.1_neutral_neutral_cw5n1h2txyewy?ms-resource://Microsoft.Windows.PeopleExperienceHost/resources/PkgDisplayName}"
"Microsoft.Windows.PrintQueueActionCenter_cw5n1h2txyewyS-1-5-18-Out-Allow-AllCapabilities","Druckerwarteschlange","Outbound","Local","@{Microsoft.Windows.PrintQueueActionCenter_1.0.2.0_neutral_neutral_cw5n1h2txyewy?ms-resource://Microsoft.Windows.PrintQueueActionCenter/Resources/AppxManifest_DisplayName}"
"Microsoft.Windows.SecureAssessmentBrowser_cw5n1h2txyewyS-1-5-18-Out-Allow-AllCapabilities","Prüfung","Outbound","Local","@{Microsoft.Windows.SecureAssessmentBrowser_10.0.26100.1_neutral_neutral_cw5n1h2txyewy?ms-resource://Microsoft.Windows.SecureAssessmentBrowser/Resources/PackageDisplayName}"
"Microsoft.Windows.ShellExperienceHost_cw5n1h2txyewyS-1-5-18-Out-Allow-AllCapabilities","Windows Shell-Oberfläche","Outbound","Local","@{Microsoft.Windows.ShellExperienceHost_10.0.26100.8115_neutral_neutral_cw5n1h2txyewy?ms-resource://Microsoft.Windows.ShellExperienceHost/resources/PkgDisplayName}"
"Microsoft.Windows.ShellExperienceHost_cw5n1h2txyewyS-1-5-18-In-Allow-ServerCapability","Windows Shell-Oberfläche","Inbound","Local","@{Microsoft.Windows.ShellExperienceHost_10.0.26100.8115_neutral_neutral_cw5n1h2txyewy?ms-resource://Microsoft.Windows.ShellExperienceHost/resources/PkgDisplayName}"
"Microsoft.Windows.StartMenuExperienceHost_cw5n1h2txyewyS-1-5-18-Out-Allow-AllCapabilities","Starten","Outbound","Local","@{Microsoft.Windows.StartMenuExperienceHost_10.0.26100.4768_neutral_neutral_cw5n1h2txyewy?ms-resource://Microsoft.Windows.StartMenuExperienceHost/StartMenuExperienceHost/PkgDisplayName}"
"Microsoft.Windows.StartMenuExperienceHost_cw5n1h2txyewyS-1-5-18-In-Allow-ServerCapability","Starten","Inbound","Local","@{Microsoft.Windows.StartMenuExperienceHost_10.0.26100.4768_neutral_neutral_cw5n1h2txyewy?ms-resource://Microsoft.Windows.StartMenuExperienceHost/StartMenuExperienceHost/PkgDisplayName}"
"Microsoft.XboxGameCallableUI_cw5n1h2txyewyS-1-5-18-Out-Allow-AllCapabilities","Xbox Game UI","Outbound","Local","@{Microsoft.XboxGameCallableUI_1000.25128.1000.0_neutral_neutral_cw5n1h2txyewy?ms-resource://Microsoft.XboxGameCallableUI/resources/PkgDisplayName}"
"MicrosoftWindows.61869720.Voiess_cw5n1h2txyewyS-1-5-18-Out-Allow-AllCapabilities","Windows Feature Experience Pack","Outbound","Local","@{MicrosoftWindows.61869720.Voiess_1000.26100.9278.0_x64__cw5n1h2txyewy?ms-resource://MicrosoftWindows.61869720.Voiess/Resources/ProductPkgDisplayName}"
"MicrosoftWindows.61869721.Livtop_cw5n1h2txyewyS-1-5-18-Out-Allow-AllCapabilities","Windows Feature Experience Pack","Outbound","Local","@{MicrosoftWindows.61869721.Livtop_1000.26100.9278.0_x64__cw5n1h2txyewy?ms-resource://MicrosoftWindows.61869721.Livtop/Resources/ProductPkgDisplayName}"
"MicrosoftWindows.61869722.Speion_cw5n1h2txyewyS-1-5-18-Out-Allow-AllCapabilities","Windows Feature Experience Pack","Outbound","Local","@{MicrosoftWindows.61869722.Speion_1000.26100.9278.0_x64__cw5n1h2txyewy?ms-resource://MicrosoftWindows.61869722.Speion/Resources/ProductPkgDisplayName}"
"MicrosoftWindows.61869836.InpApp_cw5n1h2txyewyS-1-5-18-Out-Allow-AllCapabilities","Windows Feature Experience Pack","Outbound","Local","@{MicrosoftWindows.61869836.InpApp_1000.26100.9278.0_x64__cw5n1h2txyewy?ms-resource://MicrosoftWindows.61869836.InpApp/Resources/ProductPkgDisplayName}"
"MicrosoftWindows.Client.CBS_cw5n1h2txyewyS-1-5-18-Out-Allow-AllCapabilities","Windows Feature Experience Pack","Outbound","Local","@{MicrosoftWindows.Client.CBS_1000.26100.360.0_x64__cw5n1h2txyewy?ms-resource://MicrosoftWindows.Client.CBS/resources/ProductPkgDisplayName}"
"MicrosoftWindows.Client.CBS_cw5n1h2txyewyS-1-5-18-In-Allow-ServerCapability","Windows Feature Experience Pack","Inbound","Local","@{MicrosoftWindows.Client.CBS_1000.26100.360.0_x64__cw5n1h2txyewy?ms-resource://MicrosoftWindows.Client.CBS/resources/ProductPkgDisplayName}"
"MicrosoftWindows.Client.CoreAI_cw5n1h2txyewyS-1-5-18-Out-Allow-AllCapabilities","Klick-und-Los","Outbound","Local","@{MicrosoftWindows.Client.CoreAI_1000.26100.9457.0_x64__cw5n1h2txyewy?ms-resource://MicrosoftWindows.Client.CoreAI/AIXHost/ClickToDo/AppDisplayName}"
"MicrosoftWindows.Client.Core_cw5n1h2txyewyS-1-5-18-Out-Allow-AllCapabilities","Windows Feature Experience Pack","Outbound","Local","@{MicrosoftWindows.Client.Core_1000.26100.133.0_x64__cw5n1h2txyewy?ms-resource://MicrosoftWindows.Client.Core/Resources/ProductPkgDisplayName}"
"MicrosoftWindows.Client.Core_cw5n1h2txyewyS-1-5-18-In-Allow-ServerCapability","Windows Feature Experience Pack","Inbound","Local","@{MicrosoftWindows.Client.Core_1000.26100.133.0_x64__cw5n1h2txyewy?ms-resource://MicrosoftWindows.Client.Core/Resources/ProductPkgDisplayName}"
"MicrosoftWindows.Client.FileExp_cw5n1h2txyewyS-1-5-18-Out-Allow-AllCapabilities","Windows Feature Experience Pack","Outbound","Local","@{MicrosoftWindows.Client.FileExp_1000.26100.10.0_x64__cw5n1h2txyewy?ms-resource://MicrosoftWindows.Client.FileExp/Resources/ProductPkgDisplayName}"
"MicrosoftWindows.Client.OOBE_cw5n1h2txyewyS-1-5-18-Out-Allow-AllCapabilities","Windows Feature Experience Pack","Outbound","Local","@{MicrosoftWindows.Client.OOBE_1000.26100.55.0_x64__cw5n1h2txyewy?ms-resource://MicrosoftWindows.Client.OOBE/resources/ProductPkgDisplayName}"
"MicrosoftWindows.Client.OOBE_cw5n1h2txyewyS-1-5-18-In-Allow-ServerCapability","Windows Feature Experience Pack","Inbound","Local","@{MicrosoftWindows.Client.OOBE_1000.26100.55.0_x64__cw5n1h2txyewy?ms-resource://MicrosoftWindows.Client.OOBE/resources/ProductPkgDisplayName}"
"MicrosoftWindows.Client.Photon_cw5n1h2txyewyS-1-5-18-Out-Allow-AllCapabilities","Windows Feature Experience Pack","Outbound","Local","@{MicrosoftWindows.Client.Photon_1000.26100.10.0_x64__cw5n1h2txyewy?ms-resource://MicrosoftWindows.Client.Photon/Resources/ProductPkgDisplayName}"
"MicrosoftWindows.Client.Photon_cw5n1h2txyewyS-1-5-18-In-Allow-ServerCapability","Windows Feature Experience Pack","Inbound","Local","@{MicrosoftWindows.Client.Photon_1000.26100.10.0_x64__cw5n1h2txyewy?ms-resource://MicrosoftWindows.Client.Photon/Resources/ProductPkgDisplayName}"
"Windows.PrintDialog_cw5n1h2txyewyS-1-5-18-Out-Allow-AllCapabilities","Windows Druck","Outbound","Local","@{Windows.PrintDialog_6.2.3.0_neutral_neutral_cw5n1h2txyewy?ms-resource://Windows.PrintDialog/Resources/DisplayName}"
"{5F861282-D95F-4BD3-B226-44A87CC13AE0}","ms-resource:ProductPkgDisplayName","Inbound","Local","{78E1CD88-49E3-476E-B926-580E596AD309}"
"{D7CF21F5-E13E-4A24-AA5C-536533FDFB00}","ms-resource:ProductPkgDisplayName","Inbound","Local","{78E1CD88-49E3-476E-B926-580E596AD309}"
"{6661DADE-63B1-4A78-A754-71DBFB6C45CC}","ms-resource:ProductPkgDisplayName","Inbound","Local","{78E1CD88-49E3-476E-B926-580E596AD309}"
"{C2E1A106-FCD5-4B8E-B600-39047D7F46AF}","ms-resource:ProductPkgDisplayName","Inbound","Local","{78E1CD88-49E3-476E-B926-580E596AD309}"
"{4E661020-0CF6-4399-AED4-EA6975DACF51}","ms-resource:ProductPkgDisplayName","Outbound","Local","{78E1CD88-49E3-476E-B926-580E596AD309}"
"{50E1A20E-E08F-4C34-B349-BB7DD8D7AB93}","ms-resource:ProductPkgDisplayName","Outbound","Local","{78E1CD88-49E3-476E-B926-580E596AD309}"
"{70A5F410-095D-4CE0-A941-CE1C64DFD68C}","ms-resource:ProductPkgDisplayName","Outbound","Local","{78E1CD88-49E3-476E-B926-580E596AD309}"
"{F9E17F8B-1D64-461F-8B87-CDA80897B589}","ms-resource:ProductPkgDisplayName","Outbound","Local","{78E1CD88-49E3-476E-B926-580E596AD309}"
"{678456A7-293D-42FC-887E-7EEE8205E6AB}","ms-resource:ProductPkgDisplayName","Inbound","Local","{78E1CD88-49E3-476E-B926-580E596AD309}"
"{457E3487-3FEA-493F-9E64-C4E48FE3EDCE}","ms-resource:ProductPkgDisplayName","Inbound","Local","{78E1CD88-49E3-476E-B926-580E596AD309}"
"{58BFAABA-D66B-4FE2-8A08-C9AF8BB613B0}","ms-resource:ProductPkgDisplayName","Inbound","Local","{78E1CD88-49E3-476E-B926-580E596AD309}"
"{6FC654FA-6D83-4C93-B181-06681813A00E}","ms-resource:ProductPkgDisplayName","Inbound","Local","{78E1CD88-49E3-476E-B926-580E596AD309}"
"{A010A5A8-EEDE-42D5-807B-B716FB94DEA5}","ms-resource:ProductPkgDisplayName","Outbound","Local","{78E1CD88-49E3-476E-B926-580E596AD309}"
"{1652E847-DA89-4603-B8C6-69D6B67A49D7}","ms-resource:ProductPkgDisplayName","Outbound","Local","{78E1CD88-49E3-476E-B926-580E596AD309}"
"{2EEB1C57-F810-4DAF-A4BF-E4E8FBF30112}","ms-resource:ProductPkgDisplayName","Outbound","Local","{78E1CD88-49E3-476E-B926-580E596AD309}"
"{AD1E3FF0-B964-445B-A252-B456FF1CEA66}","ms-resource:ProductPkgDisplayName","Outbound","Local","{78E1CD88-49E3-476E-B926-580E596AD309}"
"{9A62AD1B-76E9-45C2-BFB5-547708700FF0}","Microsoft Edge (mDNS-In)","Inbound","Local","Microsoft Edge"
"{85D33AE6-9EAF-4B7B-A771-E037297F8D99}","Microsoft Teams","Inbound","Local","{78E1CD88-49E3-476E-B926-580E596AD309}"
"{F86DA88E-AD34-4984-A708-030618ADD3EA}","Microsoft Teams","Inbound","Local","{78E1CD88-49E3-476E-B926-580E596AD309}"
"{2BCF69CB-2060-471F-AB7C-EEFC2C3D0FCA}","Microsoft Teams","Outbound","Local","{78E1CD88-49E3-476E-B926-580E596AD309}"
"{1348F42A-DBDF-4B29-A34E-3A4E7F16F283}","Microsoft Teams","Outbound","Local","{78E1CD88-49E3-476E-B926-580E596AD309}"
"{DA702514-64C7-4AE5-9472-D05E3E70F3F5}","Microsoft Edge (mDNS-In)","Inbound","Local","Microsoft Edge WebView2-Laufzeit"
"Microsoft.ZuneMusic_8wekyb3d8bbweS-1-5-21-3556823193-2318704152-2739749010-1001-Out-Allow-AllCapabilities","@{Microsoft.ZuneMusic_11.2512.10.0_x64__8wekyb3d8bbwe?ms-resource://Microsoft.ZuneMusic/Resources/AppStoreName}","Outbound","Local","@{Microsoft.ZuneMusic_11.2512.10.0_x64__8wekyb3d8bbwe?ms-resource://Microsoft.ZuneMusic/Resources/AppStoreName}"
"Microsoft.ZuneMusic_8wekyb3d8bbweS-1-5-21-3556823193-2318704152-2739749010-1001-In-Allow-ServerCapability","@{Microsoft.ZuneMusic_11.2512.10.0_x64__8wekyb3d8bbwe?ms-resource://Microsoft.ZuneMusic/Resources/AppStoreName}","Inbound","Local","@{Microsoft.ZuneMusic_11.2512.10.0_x64__8wekyb3d8bbwe?ms-resource://Microsoft.ZuneMusic/Resources/AppStoreName}"
"Microsoft.XboxIdentityProvider_8wekyb3d8bbweS-1-5-21-3556823193-2318704152-2739749010-1001-Out-Allow-AllCapabilities","@{Microsoft.XboxIdentityProvider_12.130.2510.6003_x64__8wekyb3d8bbwe?ms-resource://Microsoft.XboxIdentityProvider/Resources/DisplayName}","Outbound","Local","@{Microsoft.XboxIdentityProvider_12.130.2510.6003_x64__8wekyb3d8bbwe?ms-resource://Microsoft.XboxIdentityProvider/Resources/DisplayName}"
"Microsoft.WindowsTerminal_8wekyb3d8bbweS-1-5-21-3556823193-2318704152-2739749010-1001-Out-Allow-AllCapabilities","@{Microsoft.WindowsTerminal_1.24.11911.0_x64__8wekyb3d8bbwe?ms-resource://Microsoft.WindowsTerminal/Resources/AppStoreName}","Outbound","Local","@{Microsoft.WindowsTerminal_1.24.11911.0_x64__8wekyb3d8bbwe?ms-resource://Microsoft.WindowsTerminal/Resources/AppStoreName}"
"Microsoft.DesktopAppInstaller_8wekyb3d8bbweS-1-5-21-3556823193-2318704152-2739749010-1001-Out-Allow-AllCapabilities","@{Microsoft.DesktopAppInstaller_1.26.509.0_x64__8wekyb3d8bbwe?ms-resource://Microsoft.DesktopAppInstaller/Resources/appDisplayName}","Outbound","Local","@{Microsoft.DesktopAppInstaller_1.26.509.0_x64__8wekyb3d8bbwe?ms-resource://Microsoft.DesktopAppInstaller/Resources/appDisplayName}"
"Microsoft.DesktopAppInstaller_8wekyb3d8bbweS-1-5-21-3556823193-2318704152-2739749010-1001-In-Allow-ServerCapability","@{Microsoft.DesktopAppInstaller_1.26.509.0_x64__8wekyb3d8bbwe?ms-resource://Microsoft.DesktopAppInstaller/Resources/appDisplayName}","Inbound","Local","@{Microsoft.DesktopAppInstaller_1.26.509.0_x64__8wekyb3d8bbwe?ms-resource://Microsoft.DesktopAppInstaller/Resources/appDisplayName}"
"Microsoft.SecHealthUI_8wekyb3d8bbweS-1-5-21-3556823193-2318704152-2739749010-1001-Out-Allow-AllCapabilities","Windows-Sicherheit","Outbound","Local","@{Microsoft.SecHealthUI_1000.29628.1000.0_x64__8wekyb3d8bbwe?ms-resource://Microsoft.SecHealthUI/resources/PackageDisplayName}"
"Microsoft.SecHealthUI_8wekyb3d8bbweS-1-5-21-3556823193-2318704152-2739749010-1001-In-Allow-ServerCapability","Windows-Sicherheit","Inbound","Local","@{Microsoft.SecHealthUI_1000.29628.1000.0_x64__8wekyb3d8bbwe?ms-resource://Microsoft.SecHealthUI/resources/PackageDisplayName}"
"Microsoft.StorePurchaseApp_8wekyb3d8bbweS-1-5-21-3556823193-2318704152-2739749010-1001-Out-Allow-AllCapabilities","@{Microsoft.StorePurchaseApp_22509.1400.2.0_x64__8wekyb3d8bbwe?ms-resource://Microsoft.StorePurchaseApp/Resources/DisplayTitle}","Outbound","Local","@{Microsoft.StorePurchaseApp_22509.1400.2.0_x64__8wekyb3d8bbwe?ms-resource://Microsoft.StorePurchaseApp/Resources/DisplayTitle}"
"Microsoft.StorePurchaseApp_8wekyb3d8bbweS-1-5-21-3556823193-2318704152-2739749010-1001-In-Allow-ServerCapability","@{Microsoft.StorePurchaseApp_22509.1400.2.0_x64__8wekyb3d8bbwe?ms-resource://Microsoft.StorePurchaseApp/Resources/DisplayTitle}","Inbound","Local","@{Microsoft.StorePurchaseApp_22509.1400.2.0_x64__8wekyb3d8bbwe?ms-resource://Microsoft.StorePurchaseApp/Resources/DisplayTitle}"
"Microsoft.Todos_8wekyb3d8bbweS-1-5-21-3556823193-2318704152-2739749010-1001-Out-Allow-AllCapabilities","@{Microsoft.Todos_0.176.7601.0_x64__8wekyb3d8bbwe?ms-resource://Microsoft.Todos/Resources/app_name_ms_todo}","Outbound","Local","@{Microsoft.Todos_0.176.7601.0_x64__8wekyb3d8bbwe?ms-resource://Microsoft.Todos/Resources/app_name_ms_todo}"
"Microsoft.Todos_8wekyb3d8bbweS-1-5-21-3556823193-2318704152-2739749010-1001-In-Allow-ServerCapability","@{Microsoft.Todos_0.176.7601.0_x64__8wekyb3d8bbwe?ms-resource://Microsoft.Todos/Resources/app_name_ms_todo}","Inbound","Local","@{Microsoft.Todos_0.176.7601.0_x64__8wekyb3d8bbwe?ms-resource://Microsoft.Todos/Resources/app_name_ms_todo}"
"MSTeams_8wekyb3d8bbweS-1-5-21-3556823193-2318704152-2739749010-1001-Out-Allow-AllCapabilities","Microsoft Teams","Outbound","Local","Microsoft Teams"
"MSTeams_8wekyb3d8bbweS-1-5-21-3556823193-2318704152-2739749010-1001-In-Allow-ServerCapability","Microsoft Teams","Inbound","Local","Microsoft Teams"
"Microsoft.XboxGamingOverlay_8wekyb3d8bbweS-1-5-21-3556823193-2318704152-2739749010-1001-Out-Allow-AllCapabilities","Game Bar","Outbound","Local","Game Bar"
"Microsoft.XboxGamingOverlay_8wekyb3d8bbweS-1-5-21-3556823193-2318704152-2739749010-1001-In-Allow-ServerCapability","Game Bar","Inbound","Local","Game Bar"
"Microsoft.Xbox.TCUI_8wekyb3d8bbweS-1-5-21-3556823193-2318704152-2739749010-1001-Out-Allow-AllCapabilities","Xbox TCUI","Outbound","Local","Xbox TCUI"
"Microsoft.WindowsFeedbackHub_8wekyb3d8bbweS-1-5-21-3556823193-2318704152-2739749010-1001-Out-Allow-AllCapabilities","@{Microsoft.WindowsFeedbackHub_2.2607.201.0_x64__8wekyb3d8bbwe?ms-resource://Microsoft.WindowsFeedbackHub/Resources/AppStoreName}","Outbound","Local","@{Microsoft.WindowsFeedbackHub_2.2607.201.0_x64__8wekyb3d8bbwe?ms-resource://Microsoft.WindowsFeedbackHub/Resources/AppStoreName}"
"Microsoft.WindowsCamera_8wekyb3d8bbweS-1-5-21-3556823193-2318704152-2739749010-1001-Out-Allow-AllCapabilities","@{Microsoft.WindowsCamera_2025.2510.2.0_x64__8wekyb3d8bbwe?ms-resource://Microsoft.WindowsCamera/LensSDK/Resources/AppStoreName}","Outbound","Local","@{Microsoft.WindowsCamera_2025.2510.2.0_x64__8wekyb3d8bbwe?ms-resource://Microsoft.WindowsCamera/LensSDK/Resources/AppStoreName}"
"Microsoft.WindowsCamera_8wekyb3d8bbweS-1-5-21-3556823193-2318704152-2739749010-1001-In-Allow-ServerCapability","@{Microsoft.WindowsCamera_2025.2510.2.0_x64__8wekyb3d8bbwe?ms-resource://Microsoft.WindowsCamera/LensSDK/Resources/AppStoreName}","Inbound","Local","@{Microsoft.WindowsCamera_2025.2510.2.0_x64__8wekyb3d8bbwe?ms-resource://Microsoft.WindowsCamera/LensSDK/Resources/AppStoreName}"
"Microsoft.WindowsCalculator_8wekyb3d8bbweS-1-5-21-3556823193-2318704152-2739749010-1001-Out-Allow-AllCapabilities","@{Microsoft.WindowsCalculator_11.2502.2.0_x64__8wekyb3d8bbwe?ms-resource://Microsoft.WindowsCalculator/Resources/AppStoreName}","Outbound","Local","@{Microsoft.WindowsCalculator_11.2502.2.0_x64__8wekyb3d8bbwe?ms-resource://Microsoft.WindowsCalculator/Resources/AppStoreName}"
"Microsoft.Windows.Photos_8wekyb3d8bbweS-1-5-21-3556823193-2318704152-2739749010-1001-Out-Allow-AllCapabilities","@{Microsoft.Windows.Photos_24.24070.23002.0_x64__8wekyb3d8bbwe?ms-resource://Microsoft.Windows.Photos/Resources/AppStoreName}","Outbound","Local","@{Microsoft.Windows.Photos_24.24070.23002.0_x64__8wekyb3d8bbwe?ms-resource://Microsoft.Windows.Photos/Resources/AppStoreName}"
"Microsoft.MicrosoftSolitaireCollection_8wekyb3d8bbweS-1-5-21-3556823193-2318704152-2739749010-1001-Out-Allow-AllCapabilities","Solitaire & Casual Games","Outbound","Local","Solitaire & Casual Games"
"Microsoft.MicrosoftSolitaireCollection_8wekyb3d8bbweS-1-5-21-3556823193-2318704152-2739749010-1001-In-Allow-ServerCapability","Solitaire & Casual Games","Inbound","Local","Solitaire & Casual Games"
"Microsoft.GetHelp_8wekyb3d8bbweS-1-5-21-3556823193-2318704152-2739749010-1001-Out-Allow-AllCapabilities","@{Microsoft.GetHelp_10.2407.40222.0_x64__8wekyb3d8bbwe?ms-resource://Microsoft.GetHelp/Resources/appDisplayName}","Outbound","Local","@{Microsoft.GetHelp_10.2407.40222.0_x64__8wekyb3d8bbwe?ms-resource://Microsoft.GetHelp/Resources/appDisplayName}"
"Clipchamp.Clipchamp_yxz26nhyzhsrtS-1-5-21-3556823193-2318704152-2739749010-1001-Out-Allow-AllCapabilities","@{Clipchamp.Clipchamp_4.5.10920.0_x64__yxz26nhyzhsrt?ms-resource://Clipchamp.Clipchamp/Resources/Clipchamp/AppName}","Outbound","Local","@{Clipchamp.Clipchamp_4.5.10920.0_x64__yxz26nhyzhsrt?ms-resource://Clipchamp.Clipchamp/Resources/Clipchamp/AppName}"
"Microsoft.Windows.NarratorQuickStart_8wekyb3d8bbweS-1-5-21-3556823193-2318704152-2739749010-1001-Out-Allow-AllCapabilities","Sprachausgabe","Outbound","Local","@{Microsoft.Windows.NarratorQuickStart_10.0.26100.1_neutral_neutral_8wekyb3d8bbwe?ms-resource://Microsoft.Windows.NarratorQuickStart/Resources/AppDisplayName}"
"Microsoft.WindowsStore_8wekyb3d8bbweS-1-5-21-3556823193-2318704152-2739749010-1001-Out-Allow-AllCapabilities","Microsoft Store","Outbound","Local","Microsoft Store"
"Microsoft.WindowsStore_8wekyb3d8bbweS-1-5-21-3556823193-2318704152-2739749010-1001-In-Allow-ServerCapability","Microsoft Store","Inbound","Local","Microsoft Store"
"MicrosoftWindows.Client.WebExperience_cw5n1h2txyewyS-1-5-21-3556823193-2318704152-2739749010-1001-Out-Allow-AllCapabilities","Windows Web Experience Pack","Outbound","Local","Windows Web Experience Pack"
